Condition,Intan_Channel,Spike_Time,Amplitude,ISI,FPD,FPD_Window,Find_Max,Detect_Above,Threshold_Factor
0Baseline,0,0.8769,142.84485939890345,,187.6,"(150, 250)",True,True,4
0Baseline,0,2.4877,142.1103664046431,1610.8,182.7,"(150, 250)",True,True,4
0Baseline,0,4.1035,144.8735107573533,1615.8,184.79999999999998,"(150, 250)",True,True,4
0Baseline,0,5.7176,144.17368672648317,1614.1000000000001,186.6,"(150, 250)",True,True,4
0Baseline,0,7.3304,136.88014449320966,1612.8,184.2,"(150, 250)",True,True,4
0Baseline,0,8.9485,145.17062518826532,1618.1000000000001,184.0,"(150, 250)",True,True,4
0Baseline,0,10.5606,152.28950480550907,1612.1000000000001,193.20000000000002,"(150, 250)",True,True,4
0Baseline,0,12.1752,144.8783466342288,1614.6000000000001,179.60000000000002,"(150, 250)",True,True,4
0Baseline,0,13.7934,144.90045150846024,1618.2,187.1,"(150, 250)",True,True,4
0Baseline,0,15.4104,144.81643362875926,1617.0,174.1,"(150, 250)",True,True,4
0Baseline,0,17.0301,150.124332703624,1619.6999999999998,183.4,"(150, 250)",True,True,4
0Baseline,0,18.6499,144.08219320526058,1619.8,175.3,"(150, 250)",True,True,4
0Baseline,0,20.2661,146.98236385531263,1616.2,182.29999999999998,"(150, 250)",True,True,4
0Baseline,0,21.8814,145.75803404635892,1615.3,180.79999999999998,"(150, 250)",True,True,4
0Baseline,0,23.4982,144.1650377992452,1616.8,174.6,"(150, 250)",True,True,4
0Baseline,0,25.1124,143.4082684054954,1614.2,183.0,"(150, 250)",True,True,4
0Baseline,0,26.7155,146.0186997460349,1603.1,186.6,"(150, 250)",True,True,4
0Baseline,0,28.3125,149.42261046366502,1597.0,180.9,"(150, 250)",True,True,4
0Baseline,0,29.9216,148.66568358479356,1609.1,177.0,"(150, 250)",True,True,4
0Baseline,0,31.5299,151.29728391039993,1608.3,179.7,"(150, 250)",True,True,4
0Baseline,0,33.1347,149.54703972429056,1604.8,181.79999999999998,"(150, 250)",True,True,4
0Baseline,0,34.7381,143.61428586519247,1603.3999999999999,180.29999999999998,"(150, 250)",True,True,4
0Baseline,0,36.3399,143.41733670929966,1601.8,179.29999999999998,"(150, 250)",True,True,4
0Baseline,0,37.941,151.894762125264,1601.1,186.70000000000002,"(150, 250)",True,True,4
0Baseline,0,39.5433,152.3798677460631,1602.3,177.5,"(150, 250)",True,True,4
0Baseline,0,41.1543,138.69896800041727,1611.0,180.5,"(150, 250)",True,True,4
0Baseline,0,42.764,145.2981621671303,1609.6999999999998,184.4,"(150, 250)",True,True,4
0Baseline,0,44.3686,147.3477583198101,1604.6000000000001,174.8,"(150, 250)",True,True,4
0Baseline,0,45.9803,149.95414011527282,1611.6999999999998,177.5,"(150, 250)",True,True,4
0Baseline,0,47.5925,151.5825348130266,1612.2,180.2,"(150, 250)",True,True,4
0Baseline,0,49.2024,143.17090529583783,1609.9,170.0,"(150, 250)",True,True,4
0Baseline,0,50.8125,146.20225976192563,1610.1000000000001,174.8,"(150, 250)",True,True,4
0Baseline,0,52.4283,143.7876814500887,1615.8,177.5,"(150, 250)",True,True,4
0Baseline,0,54.0381,141.51378047138834,1609.8,174.4,"(150, 250)",True,True,4
0Baseline,0,55.6558,152.18326024229734,1617.6999999999998,176.4,"(150, 250)",True,True,4
0Baseline,0,57.2619,143.8273261868735,1606.1000000000001,171.9,"(150, 250)",True,True,4
0Baseline,0,58.8855,139.77006331806507,1623.6,180.10000000000002,"(150, 250)",True,True,4
0Baseline,1,0.877,246.31664587694482,,182.7,"(150, 250)",True,True,2
0Baseline,1,2.4883,241.72014223429838,1611.3,186.20000000000002,"(150, 250)",True,True,2
0Baseline,1,4.1032,241.1685465649186,1614.9,189.5,"(150, 250)",True,True,2
0Baseline,1,5.7172,241.56593302441098,1614.0,191.39999999999998,"(150, 250)",True,True,2
0Baseline,1,7.3304,246.96901382804427,1613.2,187.1,"(150, 250)",True,True,2
0Baseline,1,8.9481,243.2714049727265,1617.6999999999998,180.7,"(150, 250)",True,True,2
0Baseline,1,10.5605,240.95339927127372,1612.4,189.20000000000002,"(150, 250)",True,True,2
0Baseline,1,12.1749,241.159747834393,1614.4,188.20000000000002,"(150, 250)",True,True,2
0Baseline,1,13.7932,246.2951189085961,1618.3000000000002,183.10000000000002,"(150, 250)",True,True,2
0Baseline,1,15.4098,245.39727337735502,1616.6000000000001,184.9,"(150, 250)",True,True,2
0Baseline,1,17.0302,243.73625189985552,1620.4,179.9,"(150, 250)",True,True,2
0Baseline,1,18.6496,247.08238548820418,1619.3999999999999,177.8,"(150, 250)",True,True,2
0Baseline,1,20.2656,245.08151400567434,1616.0,189.5,"(150, 250)",True,True,2
0Baseline,1,21.8808,240.4929026558147,1615.2,187.5,"(150, 250)",True,True,2
0Baseline,1,23.4977,244.3041285522752,1616.9,191.6,"(150, 250)",True,True,2
0Baseline,1,25.112,242.13526645155252,1614.3000000000002,181.10000000000002,"(150, 250)",True,True,2
0Baseline,1,26.7154,242.45987380224486,1603.3999999999999,189.0,"(150, 250)",True,True,2
0Baseline,1,28.3122,254.7806554578939,1596.8,186.20000000000002,"(150, 250)",True,True,2
0Baseline,1,29.9212,252.6267966578455,1609.0,188.20000000000002,"(150, 250)",True,True,2
0Baseline,1,31.5296,246.70620143411398,1608.4,186.70000000000002,"(150, 250)",True,True,2
0Baseline,1,33.1347,250.50140436065288,1605.1,187.20000000000002,"(150, 250)",True,True,2
0Baseline,1,34.738,240.85535856458455,1603.3,185.0,"(150, 250)",True,True,2
0Baseline,1,36.3392,242.7021867060006,1601.2,186.4,"(150, 250)",True,True,2
0Baseline,1,37.9407,246.0756244535783,1601.5,188.0,"(150, 250)",True,True,2
0Baseline,1,39.543,246.95374539703752,1602.3,180.79999999999998,"(150, 250)",True,True,2
0Baseline,1,41.1537,242.95231694777252,1610.7,184.0,"(150, 250)",True,True,2
0Baseline,1,42.7637,255.3526323149743,1610.0,179.4,"(150, 250)",True,True,2
0Baseline,1,44.3694,248.603392220673,1605.6999999999998,186.70000000000002,"(150, 250)",True,True,2
0Baseline,1,45.9809,245.25422588330633,1611.5,184.2,"(150, 250)",True,True,2
0Baseline,1,47.5922,248.86754747444007,1611.3,181.60000000000002,"(150, 250)",True,True,2
0Baseline,1,49.2021,234.92815375018617,1609.9,187.20000000000002,"(150, 250)",True,True,2
0Baseline,1,50.8128,243.90900828901758,1610.7,185.5,"(150, 250)",True,True,2
0Baseline,1,52.428,249.95025541931818,1615.2,185.9,"(150, 250)",True,True,2
0Baseline,1,54.0377,238.3384451907169,1609.6999999999998,188.29999999999998,"(150, 250)",True,True,2
0Baseline,1,55.6561,249.71936532985532,1618.4,187.70000000000002,"(150, 250)",True,True,2
0Baseline,1,57.2625,241.52997104392216,1606.4,180.29999999999998,"(150, 250)",True,True,2
0Baseline,1,58.8846,248.1093657615765,1622.1000000000001,182.29999999999998,"(150, 250)",True,True,2
0Baseline,2,0.8818,786.904688031671,,182.79999999999998,"(150, 250)",True,True,4
0Baseline,2,2.493,790.3088032189303,1611.2,181.60000000000002,"(150, 250)",True,True,4
0Baseline,2,4.1081,786.9058585685285,1615.1,185.6,"(150, 250)",True,True,4
0Baseline,2,5.7222,779.9401752955393,1614.1000000000001,185.29999999999998,"(150, 250)",True,True,4
0Baseline,2,7.3355,786.8168307696602,1613.3,182.2,"(150, 250)",True,True,4
0Baseline,2,8.9528,799.9606085419432,1617.3,183.2,"(150, 250)",True,True,4
0Baseline,2,10.5652,793.586950019547,1612.4,183.29999999999998,"(150, 250)",True,True,4
0Baseline,2,12.1797,793.5279169527461,1614.5,183.0,"(150, 250)",True,True,4
0Baseline,2,13.7979,795.1792746094211,1618.2,185.20000000000002,"(150, 250)",True,True,4
0Baseline,2,15.4149,793.7118242276068,1617.0,182.10000000000002,"(150, 250)",True,True,4
0Baseline,2,17.0349,789.8916671185398,1620.0,182.29999999999998,"(150, 250)",True,True,4
0Baseline,2,18.6543,794.8162048821912,1619.3999999999999,181.4,"(150, 250)",True,True,4
0Baseline,2,20.2705,796.4903896872468,1616.2,181.79999999999998,"(150, 250)",True,True,4
0Baseline,2,21.8859,794.0551289538082,1615.3999999999999,182.79999999999998,"(150, 250)",True,True,4
0Baseline,2,23.5026,804.0089970073501,1616.7,182.10000000000002,"(150, 250)",True,True,4
0Baseline,2,25.1169,789.3013381855766,1614.3000000000002,183.5,"(150, 250)",True,True,4
0Baseline,2,26.7202,790.9171309419016,1603.3,185.20000000000002,"(150, 250)",True,True,4
0Baseline,2,28.3169,797.8937311843453,1596.7,182.2,"(150, 250)",True,True,4
0Baseline,2,29.9262,792.1741387452461,1609.3,179.79999999999998,"(150, 250)",True,True,4
0Baseline,2,31.5345,792.4518651055481,1608.3,182.29999999999998,"(150, 250)",True,True,4
0Baseline,2,33.1394,790.3963850955354,1604.9,182.29999999999998,"(150, 250)",True,True,4
0Baseline,2,34.7427,790.3107159813836,1603.3,181.60000000000002,"(150, 250)",True,True,4
0Baseline,2,36.3445,791.4651714916365,1601.8,181.4,"(150, 250)",True,True,4
0Baseline,2,37.9455,795.6544656331602,1601.0,180.7,"(150, 250)",True,True,4
0Baseline,2,39.5479,790.6965502714598,1602.4,180.7,"(150, 250)",True,True,4
0Baseline,2,41.1587,793.0395353714626,1610.8,183.29999999999998,"(150, 250)",True,True,4
0Baseline,2,42.7686,806.1538674614831,1609.9,183.10000000000002,"(150, 250)",True,True,4
0Baseline,2,44.3743,806.4470227024098,1605.6999999999998,182.4,"(150, 250)",True,True,4
0Baseline,2,45.9858,805.000342454229,1611.5,179.29999999999998,"(150, 250)",True,True,4
0Baseline,2,47.597,796.8871474421736,1611.2,185.9,"(150, 250)",True,True,4
0Baseline,2,49.207,792.4308855694676,1610.0,183.9,"(150, 250)",True,True,4
0Baseline,2,50.8177,795.5081901421192,1610.7,180.4,"(150, 250)",True,True,4
0Baseline,2,52.4329,799.0288340137888,1615.2,181.29999999999998,"(150, 250)",True,True,4
0Baseline,2,54.0426,795.8897072751193,1609.6999999999998,181.0,"(150, 250)",True,True,4
0Baseline,2,55.6611,796.6151519260632,1618.5,181.2,"(150, 250)",True,True,4
0Baseline,2,57.2674,798.042258849302,1606.3,180.4,"(150, 250)",True,True,4
0Baseline,2,58.8896,796.7374738528621,1622.2,179.79999999999998,"(150, 250)",True,True,4
0Baseline,3,0.8827,370.49489437975694,,180.10000000000002,"(150, 250)",True,True,3
0Baseline,3,2.4939,376.125551648199,1611.2,181.0,"(150, 250)",True,True,3
0Baseline,3,4.1089,362.76215951289464,1615.0,186.70000000000002,"(150, 250)",True,True,3
0Baseline,3,5.7231,364.11218587066884,1614.2,184.70000000000002,"(150, 250)",True,True,3
0Baseline,3,7.3363,361.7053899463076,1613.2,183.4,"(150, 250)",True,True,3
0Baseline,3,8.9538,368.88506595633027,1617.5,181.9,"(150, 250)",True,True,3
0Baseline,3,10.566,364.9162868586345,1612.2,183.9,"(150, 250)",True,True,3
0Baseline,3,12.1805,367.53760329091597,1614.5,185.1,"(150, 250)",True,True,3
0Baseline,3,13.7988,364.87691206883113,1618.3000000000002,177.9,"(150, 250)",True,True,3
0Baseline,3,15.4157,356.68437818330625,1616.9,177.9,"(150, 250)",True,True,3
0Baseline,3,17.0358,363.32120080725866,1620.1000000000001,183.79999999999998,"(150, 250)",True,True,3
0Baseline,3,18.6552,350.8864711222343,1619.3999999999999,186.4,"(150, 250)",True,True,3
0Baseline,3,20.2714,363.62677286174505,1616.2,182.0,"(150, 250)",True,True,3
0Baseline,3,21.8867,366.99637336621083,1615.3,179.79999999999998,"(150, 250)",True,True,3
0Baseline,3,23.5035,359.6258656828948,1616.8,180.79999999999998,"(150, 250)",True,True,3
0Baseline,3,25.1176,351.33270084866507,1614.1000000000001,180.10000000000002,"(150, 250)",True,True,3
0Baseline,3,26.721,364.4078409979867,1603.3999999999999,179.7,"(150, 250)",True,True,3
0Baseline,3,28.3178,360.75713554890433,1596.8,178.29999999999998,"(150, 250)",True,True,3
0Baseline,3,29.927,359.66728931970795,1609.2,181.29999999999998,"(150, 250)",True,True,3
0Baseline,3,31.5353,361.8208702800511,1608.3,180.9,"(150, 250)",True,True,3
0Baseline,3,33.1403,363.56367927832633,1605.0,183.79999999999998,"(150, 250)",True,True,3
0Baseline,3,34.7436,365.6298476767331,1603.3,179.10000000000002,"(150, 250)",True,True,3
0Baseline,3,36.3453,360.2751686960764,1601.6999999999998,181.79999999999998,"(150, 250)",True,True,3
0Baseline,3,37.9464,369.7814793295472,1601.1,179.79999999999998,"(150, 250)",True,True,3
0Baseline,3,39.5488,363.1799510170109,1602.4,181.60000000000002,"(150, 250)",True,True,3
0Baseline,3,41.1595,356.426819355942,1610.7,184.29999999999998,"(150, 250)",True,True,3
0Baseline,3,42.7695,358.45082517002356,1610.0,182.79999999999998,"(150, 250)",True,True,3
0Baseline,3,44.3752,370.4224906305617,1605.6999999999998,179.5,"(150, 250)",True,True,3
0Baseline,3,45.9865,363.5621843499266,1611.3,176.1,"(150, 250)",True,True,3
0Baseline,3,47.5979,361.8016705053195,1611.3999999999999,179.7,"(150, 250)",True,True,3
0Baseline,3,49.2078,353.4543424122796,1609.9,184.9,"(150, 250)",True,True,3
0Baseline,3,50.8186,358.9128560405202,1610.8,178.29999999999998,"(150, 250)",True,True,3
0Baseline,3,52.4337,355.1376492220018,1615.1,180.7,"(150, 250)",True,True,3
0Baseline,3,54.0434,358.1817361603162,1609.6999999999998,181.9,"(150, 250)",True,True,3
0Baseline,3,55.6619,353.08037440955,1618.5,183.0,"(150, 250)",True,True,3
0Baseline,3,57.2682,349.63105450465196,1606.3,179.2,"(150, 250)",True,True,3
0Baseline,3,58.8905,353.48860667652525,1622.3000000000002,177.4,"(150, 250)",True,True,3
0Baseline,4,0.8824,347.066087838057,,185.29999999999998,"(150, 250)",True,True,4
0Baseline,4,2.4939,346.4665538636938,1611.5,183.29999999999998,"(150, 250)",True,True,4
0Baseline,4,4.1087,347.5199602735916,1614.8,185.0,"(150, 250)",True,True,4
0Baseline,4,5.7229,340.21181127856175,1614.2,183.29999999999998,"(150, 250)",True,True,4
0Baseline,4,7.3362,339.2770979404713,1613.3,182.7,"(150, 250)",True,True,4
0Baseline,4,8.9536,351.3490085029794,1617.3999999999999,181.9,"(150, 250)",True,True,4
0Baseline,4,10.5659,343.8350646979935,1612.3,175.2,"(150, 250)",True,True,4
0Baseline,4,12.1804,347.93544696490693,1614.5,181.9,"(150, 250)",True,True,4
0Baseline,4,13.7987,348.8577797712726,1618.3000000000002,178.9,"(150, 250)",True,True,4
0Baseline,4,15.4155,347.43375957645594,1616.8,181.79999999999998,"(150, 250)",True,True,4
0Baseline,4,17.0357,337.2036628857721,1620.2,188.5,"(150, 250)",True,True,4
0Baseline,4,18.6551,345.1391853622072,1619.3999999999999,182.10000000000002,"(150, 250)",True,True,4
0Baseline,4,20.2712,357.03424072639444,1616.1000000000001,181.29999999999998,"(150, 250)",True,True,4
0Baseline,4,21.8865,348.2949391269523,1615.3,181.9,"(150, 250)",True,True,4
0Baseline,4,23.5033,350.4434137015581,1616.8,190.8,"(150, 250)",True,True,4
0Baseline,4,25.1175,349.8098465674379,1614.2,181.0,"(150, 250)",True,True,4
0Baseline,4,26.721,349.46678052661275,1603.5,176.7,"(150, 250)",True,True,4
0Baseline,4,28.3176,356.43297798242736,1596.6,178.0,"(150, 250)",True,True,4
0Baseline,4,29.9269,345.3461144004849,1609.3,181.5,"(150, 250)",True,True,4
0Baseline,4,31.5352,345.01057679061205,1608.3,176.9,"(150, 250)",True,True,4
0Baseline,4,33.1401,348.6288392129259,1604.9,181.79999999999998,"(150, 250)",True,True,4
0Baseline,4,34.7434,343.0012704161102,1603.3,183.9,"(150, 250)",True,True,4
0Baseline,4,36.3451,347.4126295203166,1601.6999999999998,181.10000000000002,"(150, 250)",True,True,4
0Baseline,4,37.9462,349.9815914331938,1601.1,183.7,"(150, 250)",True,True,4
0Baseline,4,39.5486,343.81226554581707,1602.4,181.60000000000002,"(150, 250)",True,True,4
0Baseline,4,41.1592,339.8813472527787,1610.6000000000001,184.0,"(150, 250)",True,True,4
0Baseline,4,42.7694,346.02116627565863,1610.2,182.7,"(150, 250)",True,True,4
0Baseline,4,44.3751,346.14040800424146,1605.6999999999998,182.60000000000002,"(150, 250)",True,True,4
0Baseline,4,45.9865,343.649928167001,1611.3999999999999,185.6,"(150, 250)",True,True,4
0Baseline,4,47.5977,359.98587848107627,1611.2,179.2,"(150, 250)",True,True,4
0Baseline,4,49.2076,345.20520718427633,1609.9,190.20000000000002,"(150, 250)",True,True,4
0Baseline,4,50.8183,347.59273442209997,1610.7,175.1,"(150, 250)",True,True,4
0Baseline,4,52.4336,342.52226615930863,1615.3,192.8,"(150, 250)",True,True,4
0Baseline,4,54.0433,352.0584126202019,1609.6999999999998,185.9,"(150, 250)",True,True,4
0Baseline,4,55.6619,341.22241508849606,1618.6000000000001,182.60000000000002,"(150, 250)",True,True,4
0Baseline,4,57.2681,345.9364489536214,1606.2,181.79999999999998,"(150, 250)",True,True,4
0Baseline,4,58.8904,347.55306917703876,1622.3000000000002,176.4,"(150, 250)",True,True,4
0Baseline,24,0.8821,324.70836302332725,,189.1,"(150, 250)",False,True,4
0Baseline,24,2.4933,339.5167472096983,1611.2,184.10000000000002,"(150, 250)",False,True,4
0Baseline,24,4.1087,353.85972496754493,1615.3999999999999,182.60000000000002,"(150, 250)",False,True,4
0Baseline,24,5.7229,338.68002995059277,1614.2,181.9,"(150, 250)",False,True,4
0Baseline,24,7.3363,354.9916590383302,1613.3999999999999,186.29999999999998,"(150, 250)",False,True,4
0Baseline,24,8.9532,352.2217934661877,1616.9,186.20000000000002,"(150, 250)",False,True,4
0Baseline,24,10.5658,347.22484759607465,1612.6000000000001,181.29999999999998,"(150, 250)",False,True,4
0Baseline,24,12.1804,345.68788193270655,1614.6000000000001,182.29999999999998,"(150, 250)",False,True,4
0Baseline,24,13.7984,343.67178970059854,1618.0,175.8,"(150, 250)",False,True,4
0Baseline,24,15.4153,333.5531509808386,1616.9,178.9,"(150, 250)",False,True,4
0Baseline,24,17.0349,314.81621638426174,1619.6,177.5,"(150, 250)",False,True,4
0Baseline,24,18.6543,311.9720450366545,1619.3999999999999,184.79999999999998,"(150, 250)",False,True,4
0Baseline,24,20.2705,319.5365572278157,1616.2,185.4,"(150, 250)",False,True,4
0Baseline,24,21.8861,328.75689754578445,1615.6,185.5,"(150, 250)",False,True,4
0Baseline,24,23.5025,313.593337820714,1616.4,184.4,"(150, 250)",False,True,4
0Baseline,24,25.1171,330.9205742218517,1614.6000000000001,179.7,"(150, 250)",False,True,4
0Baseline,24,26.7204,327.9258623876138,1603.3,189.4,"(150, 250)",False,True,4
0Baseline,24,28.317,333.3996833492117,1596.6,187.1,"(150, 250)",False,True,4
0Baseline,24,29.9264,345.85040445296477,1609.3999999999999,182.29999999999998,"(150, 250)",False,True,4
0Baseline,24,31.5348,335.5031866283374,1608.4,185.29999999999998,"(150, 250)",False,True,4
0Baseline,24,33.1389,291.0416489011787,1604.1000000000001,183.7,"(150, 250)",False,True,4
0Baseline,24,34.7433,342.57079549537207,1604.4,182.4,"(150, 250)",False,True,4
0Baseline,24,36.3448,352.49561790994886,1601.5,183.79999999999998,"(150, 250)",False,True,4
0Baseline,24,37.9459,338.3228290372387,1601.1,181.10000000000002,"(150, 250)",False,True,4
0Baseline,24,39.548,316.91410169188634,1602.1000000000001,188.20000000000002,"(150, 250)",False,True,4
0Baseline,24,41.1591,335.0201633992623,1611.1,181.9,"(150, 250)",False,True,4
0Baseline,24,42.7686,322.02548486273423,1609.5,186.20000000000002,"(150, 250)",False,True,4
0Baseline,24,44.3743,324.4410819562213,1605.6999999999998,187.4,"(150, 250)",False,True,4
0Baseline,24,45.9859,345.50103734249086,1611.6,188.4,"(150, 250)",False,True,4
0Baseline,24,47.597,335.1055960067043,1611.1,182.10000000000002,"(150, 250)",False,True,4
0Baseline,24,49.2074,342.85542480363404,1610.4,183.29999999999998,"(150, 250)",False,True,4
0Baseline,24,50.8181,352.04377383172476,1610.7,185.79999999999998,"(150, 250)",False,True,4
0Baseline,24,52.4331,327.92135380658976,1615.0,180.7,"(150, 250)",False,True,4
0Baseline,24,54.0429,332.7909985752595,1609.8,178.29999999999998,"(150, 250)",False,True,4
0Baseline,24,55.661,316.98299975289706,1618.1000000000001,180.5,"(150, 250)",False,True,4
0Baseline,24,57.2677,347.41475206925014,1606.7,178.7,"(150, 250)",False,True,4
0Baseline,24,58.8894,307.69688344483507,1621.6999999999998,185.9,"(150, 250)",False,True,4
0Baseline,25,0.8828,565.6716385163414,,213.29999999999998,"(150, 350)",False,True,2
0Baseline,25,2.494,572.7305975283975,1611.2,225.6,"(150, 350)",False,True,2
0Baseline,25,4.1091,561.2414621815172,1615.1,234.2,"(150, 350)",False,True,2
0Baseline,25,5.7232,562.5192955623102,1614.1000000000001,234.6,"(150, 350)",False,True,2
0Baseline,25,7.3365,568.4732909647298,1613.3,194.20000000000002,"(150, 350)",False,True,2
0Baseline,25,8.954,568.6248124032317,1617.5,209.0,"(150, 350)",False,True,2
0Baseline,25,10.5661,561.2257602191921,1612.1000000000001,188.1,"(150, 350)",False,True,2
0Baseline,25,12.1807,566.7345500896995,1614.6000000000001,209.1,"(150, 350)",False,True,2
0Baseline,25,13.7989,554.3686457831718,1618.2,230.5,"(150, 350)",False,True,2
0Baseline,25,15.4159,560.3809247527229,1617.0,191.0,"(150, 350)",False,True,2
0Baseline,25,17.0359,551.9916948187329,1620.0,222.5,"(150, 350)",False,True,2
0Baseline,25,18.6488,555.8242551185775,1612.9,194.5,"(150, 350)",False,True,2
0Baseline,25,20.265,560.3195900882043,1616.2,199.4,"(150, 350)",False,True,2
0Baseline,25,21.8869,558.897986685271,1621.8999999999999,222.39999999999998,"(150, 350)",False,True,2
0Baseline,25,23.4972,561.4297739933547,1610.3,245.0,"(150, 350)",False,True,2
0Baseline,25,25.1178,561.5097748454605,1620.6000000000001,226.8,"(150, 350)",False,True,2
0Baseline,25,26.7146,559.8725966236357,1596.8,224.39999999999998,"(150, 350)",False,True,2
0Baseline,25,28.3179,567.825269201905,1603.3,226.8,"(150, 350)",False,True,2
0Baseline,25,29.927,558.4915626467125,1609.1,184.29999999999998,"(150, 350)",False,True,2
0Baseline,25,31.5355,557.2205183704892,1608.5,184.5,"(150, 350)",False,True,2
0Baseline,25,33.1339,565.8686748618476,1598.4,226.0,"(150, 350)",False,True,2
0Baseline,25,34.7437,564.9552110239468,1609.8,181.5,"(150, 350)",False,True,2
0Baseline,25,36.3454,563.1237104576388,1601.6999999999998,181.60000000000002,"(150, 350)",False,True,2
0Baseline,25,37.9465,567.7305634786145,1601.1,213.10000000000002,"(150, 350)",False,True,2
0Baseline,25,39.5423,550.3832760736939,1595.8000000000002,193.39999999999998,"(150, 350)",False,True,2
0Baseline,25,41.1531,555.8892434284538,1610.8,190.20000000000002,"(150, 350)",False,True,2
0Baseline,25,42.7631,559.3556513163677,1610.0,192.20000000000002,"(150, 350)",False,True,2
0Baseline,25,44.3688,564.8799516455343,1605.6999999999998,189.20000000000002,"(150, 350)",False,True,2
0Baseline,25,45.9867,562.3316104735875,1617.8999999999999,188.70000000000002,"(150, 350)",False,True,2
0Baseline,25,47.598,557.1810321403822,1611.3,189.6,"(150, 350)",False,True,2
0Baseline,25,49.208,554.7735760550678,1610.0,181.4,"(150, 350)",False,True,2
0Baseline,25,50.8187,581.5872430980278,1610.7,210.9,"(150, 350)",False,True,2
0Baseline,25,52.4273,562.8505542759946,1608.6000000000001,197.4,"(150, 350)",False,True,2
0Baseline,25,54.037,565.69736036708,1609.6999999999998,229.4,"(150, 350)",False,True,2
0Baseline,25,55.6556,572.1007442350087,1618.6000000000001,237.5,"(150, 350)",False,True,2
0Baseline,25,57.2618,553.7242473916102,1606.2,196.1,"(150, 350)",False,True,2
0Baseline,25,58.8841,557.2521284622816,1622.3000000000002,241.4,"(150, 350)",False,True,2
0Baseline,26,0.8761,1707.393351725168,,229.0,"(150, 350)",False,True,3
0Baseline,26,2.4873,1718.4366607843592,1611.2,237.1,"(150, 350)",False,True,3
0Baseline,26,4.1023,1716.2330518887582,1615.0,239.4,"(150, 350)",False,True,3
0Baseline,26,5.7166,1721.8064619584256,1614.3000000000002,232.7,"(150, 350)",False,True,3
0Baseline,26,7.3298,1726.0911731333636,1613.2,226.3,"(150, 350)",False,True,3
0Baseline,26,8.9472,1713.5346322264572,1617.3999999999999,231.5,"(150, 350)",False,True,3
0Baseline,26,10.5595,1718.4547900634007,1612.3,234.7,"(150, 350)",False,True,3
0Baseline,26,12.174,1721.0190737010867,1614.5,231.0,"(150, 350)",False,True,3
0Baseline,26,13.7923,1732.5367253340892,1618.3000000000002,234.6,"(150, 350)",False,True,3
0Baseline,26,15.4092,1722.717162845946,1616.9,238.3,"(150, 350)",False,True,3
0Baseline,26,17.0293,1729.57111078701,1620.1000000000001,231.6,"(150, 350)",False,True,3
0Baseline,26,18.6487,1712.4422326241465,1619.3999999999999,239.7,"(150, 350)",False,True,3
0Baseline,26,20.2649,1724.958213558302,1616.2,241.7,"(150, 350)",False,True,3
0Baseline,26,21.8803,1714.988705277609,1615.3999999999999,230.5,"(150, 350)",False,True,3
0Baseline,26,23.4971,1738.2465994516383,1616.8,240.4,"(150, 350)",False,True,3
0Baseline,26,25.1113,1724.8788140410052,1614.2,236.5,"(150, 350)",False,True,3
0Baseline,26,26.7145,1709.5819337557864,1603.2,247.4,"(150, 350)",False,True,3
0Baseline,26,28.3113,1711.762766797814,1596.8,249.4,"(150, 350)",False,True,3
0Baseline,26,29.9205,1716.8889703730997,1609.2,236.1,"(150, 350)",False,True,3
0Baseline,26,31.5289,1716.3281920381996,1608.4,234.1,"(150, 350)",False,True,3
0Baseline,26,33.1338,1707.0864290199759,1604.9,226.8,"(150, 350)",False,True,3
0Baseline,26,34.7371,1712.821455312555,1603.3,234.8,"(150, 350)",False,True,3
0Baseline,26,36.3388,1707.309377267226,1601.6999999999998,233.2,"(150, 350)",False,True,3
0Baseline,26,37.9398,1705.7769773892255,1601.0,220.4,"(150, 350)",False,True,3
0Baseline,26,39.5423,1699.1424372380434,1602.5,231.9,"(150, 350)",False,True,3
0Baseline,26,41.1531,1714.993683445078,1610.8,235.2,"(150, 350)",False,True,3
0Baseline,26,42.763,1711.0997650289214,1609.9,242.4,"(150, 350)",False,True,3
0Baseline,26,44.3687,1716.724951054634,1605.6999999999998,250.1,"(150, 350)",False,True,3
0Baseline,26,45.9802,1724.0110916500225,1611.5,228.5,"(150, 350)",False,True,3
0Baseline,26,47.5914,1726.10630759799,1611.2,228.0,"(150, 350)",False,True,3
0Baseline,26,49.2014,1723.5767895348852,1610.0,231.3,"(150, 350)",False,True,3
0Baseline,26,50.8121,1731.619846885601,1610.7,226.5,"(150, 350)",False,True,3
0Baseline,26,52.4273,1723.5987024421388,1615.2,229.1,"(150, 350)",False,True,3
0Baseline,26,54.037,1734.5895458377706,1609.6999999999998,243.2,"(150, 350)",False,True,3
0Baseline,26,55.6555,1727.979655492359,1618.5,237.5,"(150, 350)",False,True,3
0Baseline,26,57.2618,1725.8369250929416,1606.3,235.6,"(150, 350)",False,True,3
0Baseline,26,58.8841,1731.3719068088194,1622.3000000000002,241.4,"(150, 350)",False,True,3
0Baseline,27,0.8837,208.15041661178034,,186.79999999999998,"(150, 350)",False,True,4
0Baseline,27,2.4949,190.80870867134922,1611.2,175.3,"(150, 350)",False,True,4
0Baseline,27,4.1099,188.19579852544146,1615.0,180.0,"(150, 350)",False,True,4
0Baseline,27,5.7243,187.859924107805,1614.4,180.2,"(150, 350)",False,True,4
0Baseline,27,7.3375,191.0401643903088,1613.2,184.2,"(150, 350)",False,True,4
0Baseline,27,8.9549,188.66416908037206,1617.3999999999999,169.5,"(150, 350)",False,True,4
0Baseline,27,10.5674,200.75643583695074,1612.5,178.9,"(150, 350)",False,True,4
0Baseline,27,12.1817,193.69492993834834,1614.3000000000002,182.5,"(150, 350)",False,True,4
0Baseline,27,13.8001,193.78818630159833,1618.4,176.6,"(150, 350)",False,True,4
0Baseline,27,15.4169,199.40945162835908,1616.8,178.2,"(150, 350)",False,True,4
0Baseline,27,17.0368,201.18568641363765,1619.8999999999999,177.1,"(150, 350)",False,True,4
0Baseline,27,18.6564,194.82905589031753,1619.6,182.29999999999998,"(150, 350)",False,True,4
0Baseline,27,20.2725,190.152544283498,1616.1000000000001,184.4,"(150, 350)",False,True,4
0Baseline,27,21.8879,196.03902753566467,1615.3999999999999,184.0,"(150, 350)",False,True,4
0Baseline,27,23.5047,190.95472067827868,1616.8,182.5,"(150, 350)",False,True,4
0Baseline,27,25.1189,204.03240366403975,1614.2,175.6,"(150, 350)",False,True,4
0Baseline,27,26.7223,192.2625285545625,1603.3999999999999,179.60000000000002,"(150, 350)",False,True,4
0Baseline,27,28.3189,196.2258150139029,1596.6,185.1,"(150, 350)",False,True,4
0Baseline,27,29.9283,183.02781457659978,1609.3999999999999,175.8,"(150, 350)",False,True,4
0Baseline,27,31.5366,188.82698932211986,1608.3,168.2,"(150, 350)",False,True,4
0Baseline,27,33.1414,194.78338189807334,1604.8,171.5,"(150, 350)",False,True,4
0Baseline,27,34.7447,184.88865438084713,1603.3,180.29999999999998,"(150, 350)",False,True,4
0Baseline,27,36.3465,194.36023787741698,1601.8,173.3,"(150, 350)",False,True,4
0Baseline,27,37.9475,193.2387953092905,1601.0,173.6,"(150, 350)",False,True,4
0Baseline,27,39.5499,204.1423617457175,1602.4,178.9,"(150, 350)",False,True,4
0Baseline,27,41.1608,183.412238081482,1610.9,180.10000000000002,"(150, 350)",False,True,4
0Baseline,27,42.7706,185.17196177650706,1609.8,184.70000000000002,"(150, 350)",False,True,4
0Baseline,27,44.3765,194.41653896045102,1605.9,182.9,"(150, 350)",False,True,4
0Baseline,27,45.9878,194.25552627317182,1611.3,182.29999999999998,"(150, 350)",False,True,4
0Baseline,27,47.599,208.8284588806283,1611.2,180.10000000000002,"(150, 350)",False,True,4
0Baseline,27,49.2091,183.46505721789882,1610.1000000000001,178.29999999999998,"(150, 350)",False,True,4
0Baseline,27,50.8199,200.27187958799132,1610.8,177.1,"(150, 350)",False,True,4
0Baseline,27,52.4348,198.42735720231926,1614.9,181.2,"(150, 350)",False,True,4
0Baseline,27,54.0446,187.2580002845164,1609.8,176.2,"(150, 350)",False,True,4
0Baseline,27,55.6631,201.0223923466106,1618.5,177.5,"(150, 350)",False,True,4
0Baseline,27,57.2694,195.60270907468333,1606.3,165.20000000000002,"(150, 350)",False,True,4
0Baseline,27,58.8917,198.28529029101324,1622.3000000000002,184.2,"(150, 350)",False,True,4
0Baseline,28,0.8849,180.97779843618275,,260.2,"(150, 350)",False,True,3
0Baseline,28,2.5107,184.00746624047883,1625.8,276.6,"(150, 350)",False,True,3
0Baseline,28,4.1104,167.2410140912805,1599.6999999999998,319.7,"(150, 350)",False,True,3
0Baseline,28,5.7373,171.70332189287694,1626.9,309.8,"(150, 350)",False,True,3
0Baseline,28,7.3384,180.5778394402692,1601.1,167.6,"(150, 350)",False,True,3
0Baseline,28,8.9661,182.20581780904192,1627.6999999999998,153.29999999999998,"(150, 350)",False,True,3
0Baseline,28,10.5705,181.46745005035123,1604.4,166.9,"(150, 350)",False,True,3
0Baseline,28,12.186,190.19597455234768,1615.5,210.7,"(150, 350)",False,True,3
0Baseline,28,13.8026,180.4661343352003,1616.6000000000001,151.2,"(150, 350)",False,True,3
0Baseline,28,15.4212,171.89740386359836,1618.6000000000001,158.79999999999998,"(150, 350)",False,True,3
0Baseline,28,17.0669,213.9613843046742,1645.7,262.40000000000003,"(150, 350)",False,True,3
0Baseline,28,18.6593,189.5948432775075,1592.4,162.20000000000002,"(150, 350)",False,True,3
0Baseline,28,20.277,184.91064357227413,1617.6999999999998,171.1,"(150, 350)",False,True,3
0Baseline,28,21.8878,206.04012705319843,1610.8,172.3,"(150, 350)",False,True,3
0Baseline,28,23.5269,179.30120338633515,1639.1,300.59999999999997,"(150, 350)",False,True,3
0Baseline,28,25.1266,185.6020788891996,1599.6999999999998,151.60000000000002,"(150, 350)",False,True,3
0Baseline,28,26.7351,188.6722844071292,1608.5,218.9,"(150, 350)",False,True,3
0Baseline,28,28.3284,178.11039619409428,1593.3,158.29999999999998,"(150, 350)",False,True,3
0Baseline,28,29.9286,169.08723444602964,1600.2,176.2,"(150, 350)",False,True,3
0Baseline,28,31.5504,193.0052984614636,1621.8,292.7,"(150, 350)",False,True,3
0Baseline,28,33.1514,184.30485688049316,1601.0,170.5,"(150, 350)",False,True,3
0Baseline,28,34.7845,158.32765924399854,1633.1,317.2,"(150, 350)",False,True,3
0Baseline,28,36.3489,180.10177782306937,1564.4,153.29999999999998,"(150, 350)",False,True,3
0Baseline,28,37.9485,192.07171435565613,1599.6,169.5,"(150, 350)",False,True,3
0Baseline,28,39.5608,189.34837960028761,1612.3,202.4,"(150, 350)",False,True,3
0Baseline,28,41.1675,173.65648721460363,1606.7,150.0,"(150, 350)",False,True,3
0Baseline,28,42.8255,163.86244853640602,1658.0,188.0,"(150, 350)",False,True,3
0Baseline,28,44.3764,184.89431314657637,1550.8999999999999,278.9,"(150, 350)",False,True,3
0Baseline,28,46.0002,218.0636254828405,1623.8,311.7,"(150, 350)",False,True,3
0Baseline,28,47.5988,189.73102252169866,1598.6,181.5,"(150, 350)",False,True,3
0Baseline,28,49.251,173.4724451099594,1652.1999999999998,194.20000000000002,"(150, 350)",False,True,3
0Baseline,28,50.8199,185.62433625550926,1568.8999999999999,269.7,"(150, 350)",False,True,3
0Baseline,28,52.4355,185.02113703206248,1615.6,151.2,"(150, 350)",False,True,3
0Baseline,28,54.0616,175.24683554498517,1626.1000000000001,210.60000000000002,"(150, 350)",False,True,3
0Baseline,28,55.6632,198.45422069111407,1601.6,168.8,"(150, 350)",False,True,3
0Baseline,28,57.2807,165.23576831440306,1617.5,165.1,"(150, 350)",False,True,3
0Baseline,28,58.8917,175.3737711875629,1611.0,171.7,"(150, 350)",False,True,3
0Baseline,29,0.8811,309.9144799990101,,216.1,"(150, 350)",False,True,4
0Baseline,29,2.4923,304.7358468458601,1611.2,230.4,"(150, 350)",False,True,4
0Baseline,29,4.1073,302.8790968168963,1615.0,222.39999999999998,"(150, 350)",False,True,4
0Baseline,29,5.7215,290.58092084032285,1614.2,239.1,"(150, 350)",False,True,4
0Baseline,29,7.3347,313.32188513487847,1613.2,221.89999999999998,"(150, 350)",False,True,4
0Baseline,29,8.9522,316.8211575808312,1617.5,219.5,"(150, 350)",False,True,4
0Baseline,29,10.5645,294.5252308291098,1612.3,231.7,"(150, 350)",False,True,4
0Baseline,29,12.1789,306.1027544515808,1614.4,227.20000000000002,"(150, 350)",False,True,4
0Baseline,29,13.7972,304.3650388758345,1618.3000000000002,228.9,"(150, 350)",False,True,4
0Baseline,29,15.4142,316.0886052505099,1617.0,227.39999999999998,"(150, 350)",False,True,4
0Baseline,29,17.0343,311.7675867455325,1620.1000000000001,253.1,"(150, 350)",False,True,4
0Baseline,29,18.6537,316.91484267956855,1619.3999999999999,235.4,"(150, 350)",False,True,4
0Baseline,29,20.2698,303.47114765125974,1616.1000000000001,251.9,"(150, 350)",False,True,4
0Baseline,29,21.8852,325.9501355432048,1615.3999999999999,238.9,"(150, 350)",False,True,4
0Baseline,29,23.502,334.50466529271216,1616.8,238.3,"(150, 350)",False,True,4
0Baseline,29,25.1162,311.22264842556297,1614.2,240.1,"(150, 350)",False,True,4
0Baseline,29,26.7194,314.900669600072,1603.2,225.1,"(150, 350)",False,True,4
0Baseline,29,28.3162,320.8882546154649,1596.8,229.1,"(150, 350)",False,True,4
0Baseline,29,29.9254,297.723666012773,1609.2,231.3,"(150, 350)",False,True,4
0Baseline,29,31.5338,312.70840265647087,1608.4,219.6,"(150, 350)",False,True,4
0Baseline,29,33.1388,317.92210049343345,1605.0,221.4,"(150, 350)",False,True,4
0Baseline,29,34.742,308.63938492624266,1603.2,230.1,"(150, 350)",False,True,4
0Baseline,29,36.3438,309.0503279030107,1601.8,246.7,"(150, 350)",False,True,4
0Baseline,29,37.9448,303.46266328163466,1601.0,242.7,"(150, 350)",False,True,4
0Baseline,29,39.5472,324.53477176604315,1602.4,231.9,"(150, 350)",False,True,4
0Baseline,29,41.158,303.2757871055479,1610.8,230.5,"(150, 350)",False,True,4
0Baseline,29,42.7679,319.92081882110307,1609.9,259.29999999999995,"(150, 350)",False,True,4
0Baseline,29,44.3737,322.96506734005936,1605.8,216.20000000000002,"(150, 350)",False,True,4
0Baseline,29,45.985,345.60684811784387,1611.3,222.5,"(150, 350)",False,True,4
0Baseline,29,47.5964,309.58098055001676,1611.3999999999999,215.60000000000002,"(150, 350)",False,True,4
0Baseline,29,49.2063,309.07635582831216,1609.9,240.7,"(150, 350)",False,True,4
0Baseline,29,50.817,314.41010433108227,1610.7,223.3,"(150, 350)",False,True,4
0Baseline,29,52.4322,307.1341157680336,1615.2,224.6,"(150, 350)",False,True,4
0Baseline,29,54.0419,306.5271637331409,1609.6999999999998,239.1,"(150, 350)",False,True,4
0Baseline,29,55.6604,302.12831680538335,1618.5,249.6,"(150, 350)",False,True,4
0Baseline,29,57.2667,301.5594277680067,1606.3,233.1,"(150, 350)",False,True,4
0Baseline,29,58.889,327.860941225214,1622.3000000000002,268.8,"(150, 350)",False,True,4
0Baseline,30,0.8809,589.0024462537596,,187.70000000000002,"(140, 250)",True,True,4
0Baseline,30,2.4922,593.635032321568,1611.3,180.9,"(140, 250)",True,True,4
0Baseline,30,4.1072,591.621829239937,1615.0,185.20000000000002,"(140, 250)",True,True,4
0Baseline,30,5.7214,588.9697335247299,1614.2,181.5,"(140, 250)",True,True,4
0Baseline,30,7.3346,598.7080377505048,1613.2,184.70000000000002,"(140, 250)",True,True,4
0Baseline,30,8.952,609.1958330277002,1617.3999999999999,184.4,"(140, 250)",True,True,4
0Baseline,30,10.5643,595.4441195200069,1612.3,180.4,"(140, 250)",True,True,4
0Baseline,30,12.1788,596.1675262826735,1614.5,179.5,"(140, 250)",True,True,4
0Baseline,30,13.7971,595.7167493358982,1618.3000000000002,187.0,"(140, 250)",True,True,4
0Baseline,30,15.4141,604.8399806502148,1617.0,184.6,"(140, 250)",True,True,4
0Baseline,30,17.0341,600.7199878471573,1620.0,184.5,"(140, 250)",True,True,4
0Baseline,30,18.6535,611.7629335664886,1619.3999999999999,182.79999999999998,"(140, 250)",True,True,4
0Baseline,30,20.2697,612.4626117795664,1616.2,182.9,"(140, 250)",True,True,4
0Baseline,30,21.8851,608.9362558283975,1615.3999999999999,182.0,"(140, 250)",True,True,4
0Baseline,30,23.5019,617.9378187217582,1616.8,180.4,"(140, 250)",True,True,4
0Baseline,30,25.116,598.0277292510964,1614.1000000000001,183.0,"(140, 250)",True,True,4
0Baseline,30,26.7193,612.1175447060373,1603.3,180.9,"(140, 250)",True,True,4
0Baseline,30,28.3161,607.567180381113,1596.8,183.10000000000002,"(140, 250)",True,True,4
0Baseline,30,29.9253,601.1242750877155,1609.2,175.8,"(140, 250)",True,True,4
0Baseline,30,31.5337,611.274279069373,1608.4,182.5,"(140, 250)",True,True,4
0Baseline,30,33.1386,599.6938460302607,1604.9,177.8,"(140, 250)",True,True,4
0Baseline,30,34.7419,594.6515750061333,1603.3,174.6,"(140, 250)",True,True,4
0Baseline,30,36.3436,601.7214192185928,1601.6999999999998,179.10000000000002,"(140, 250)",True,True,4
0Baseline,30,37.9447,598.6864864049456,1601.1,186.79999999999998,"(140, 250)",True,True,4
0Baseline,30,39.5471,604.2127504728708,1602.4,177.7,"(140, 250)",True,True,4
0Baseline,30,41.1579,602.6107812767194,1610.8,178.9,"(140, 250)",True,True,4
0Baseline,30,42.7678,608.9351098044518,1609.9,181.4,"(140, 250)",True,True,4
0Baseline,30,44.3736,608.7118973663382,1605.8,178.1,"(140, 250)",True,True,4
0Baseline,30,45.9849,620.445786825309,1611.3,181.10000000000002,"(140, 250)",True,True,4
0Baseline,30,47.5962,604.4452604305372,1611.3,172.5,"(140, 250)",True,True,4
0Baseline,30,49.2062,600.6712534330097,1610.0,178.79999999999998,"(140, 250)",True,True,4
0Baseline,30,50.8169,605.3797231793052,1610.7,182.4,"(140, 250)",True,True,4
0Baseline,30,52.4321,601.9391594642735,1615.2,170.5,"(140, 250)",True,True,4
0Baseline,30,54.0418,602.4071465968764,1609.6999999999998,178.0,"(140, 250)",True,True,4
0Baseline,30,55.6603,600.6033543953664,1618.5,176.3,"(140, 250)",True,True,4
0Baseline,30,57.2665,601.4773434968046,1606.2,175.6,"(140, 250)",True,True,4
0Baseline,30,58.8888,611.3955947090809,1622.3000000000002,178.9,"(140, 250)",True,True,4
0Baseline,31,0.8755,234.05913990852227,,192.1,"(150, 350)",True,True,4
0Baseline,31,2.4867,246.24341050108404,1611.2,182.29999999999998,"(150, 350)",True,True,4
0Baseline,31,4.1016,241.47083964230148,1614.9,184.9,"(150, 350)",True,True,4
0Baseline,31,5.7158,242.3880737402164,1614.2,186.6,"(150, 350)",True,True,4
0Baseline,31,7.329,239.17296164445264,1613.2,188.70000000000002,"(150, 350)",True,True,4
0Baseline,31,8.9465,235.59828585432416,1617.5,189.4,"(150, 350)",True,True,4
0Baseline,31,10.5586,226.84625355994137,1612.1000000000001,173.1,"(150, 350)",True,True,4
0Baseline,31,12.1734,244.48385535052574,1614.8,177.8,"(150, 350)",True,True,4
0Baseline,31,13.7916,239.33111878299007,1618.2,177.1,"(150, 350)",True,True,4
0Baseline,31,15.4086,248.83970187560467,1617.0,177.7,"(150, 350)",True,True,4
0Baseline,31,17.0286,246.74079519570057,1620.0,188.29999999999998,"(150, 350)",True,True,4
0Baseline,31,18.6481,240.52614587229704,1619.5,171.4,"(150, 350)",True,True,4
0Baseline,31,20.2642,235.53742312258362,1616.1000000000001,186.70000000000002,"(150, 350)",True,True,4
0Baseline,31,21.8795,240.82489858584236,1615.3,188.29999999999998,"(150, 350)",True,True,4
0Baseline,31,23.4963,242.54816621704174,1616.8,185.6,"(150, 350)",True,True,4
0Baseline,31,25.1105,242.94016263016934,1614.2,188.29999999999998,"(150, 350)",True,True,4
0Baseline,31,26.7138,233.84956962714426,1603.3,183.2,"(150, 350)",True,True,4
0Baseline,31,28.3106,236.0754059032285,1596.8,171.8,"(150, 350)",True,True,4
0Baseline,31,29.9198,237.47062012868628,1609.2,179.7,"(150, 350)",True,True,4
0Baseline,31,31.5282,236.22726842440903,1608.4,172.0,"(150, 350)",True,True,4
0Baseline,31,33.1332,230.63707758748592,1605.0,183.10000000000002,"(150, 350)",True,True,4
0Baseline,31,34.7364,239.5022298117322,1603.2,162.70000000000002,"(150, 350)",True,True,4
0Baseline,31,36.3382,244.3958914836322,1601.8,174.9,"(150, 350)",True,True,4
0Baseline,31,37.9392,241.88835882666547,1601.0,178.0,"(150, 350)",True,True,4
0Baseline,31,39.5415,228.3508670675298,1602.3,175.3,"(150, 350)",True,True,4
0Baseline,31,41.1524,248.83469948629354,1610.9,179.2,"(150, 350)",True,True,4
0Baseline,31,42.7622,237.07439382468505,1609.8,171.2,"(150, 350)",True,True,4
0Baseline,31,44.3681,249.82151944662763,1605.9,171.0,"(150, 350)",True,True,4
0Baseline,31,45.9793,238.51864343581218,1611.2,186.20000000000002,"(150, 350)",True,True,4
0Baseline,31,47.5906,239.90772386021084,1611.3,177.3,"(150, 350)",True,True,4
0Baseline,31,49.2006,242.12723997144198,1610.0,184.0,"(150, 350)",True,True,4
0Baseline,31,50.8113,245.8288532960654,1610.7,172.9,"(150, 350)",True,True,4
0Baseline,31,52.4265,244.16930908021675,1615.2,175.6,"(150, 350)",True,True,4
0Baseline,31,54.0363,250.9506330338204,1609.8,172.6,"(150, 350)",True,True,4
0Baseline,31,55.6547,245.8604954535184,1618.4,164.70000000000002,"(150, 350)",True,True,4
0Baseline,31,57.2611,242.5253196023013,1606.4,174.4,"(150, 350)",True,True,4
0Baseline,31,58.8834,253.89831591329053,1622.3000000000002,168.8,"(150, 350)",True,True,4
E4031JKCO6,0,1.3184,162.4866359936726,,212.10000000000002,"(100, 300)",True,True,3
E4031JKCO6,0,3.3738,164.9655862479279,2055.4,192.3,"(100, 300)",True,True,3
E4031JKCO6,0,5.437,176.96212097083014,2063.2000000000003,211.10000000000002,"(100, 300)",True,True,3
E4031JKCO6,0,7.5081,161.80917356603703,2071.1,192.70000000000002,"(100, 300)",True,True,3
E4031JKCO6,0,9.5749,142.18485634589035,2066.8,194.0,"(100, 300)",True,True,3
E4031JKCO6,0,11.6448,160.860954936678,2069.9,209.4,"(100, 300)",True,True,3
E4031JKCO6,0,13.7169,158.07857822282566,2072.1,203.3,"(100, 300)",True,True,3
E4031JKCO6,0,15.7825,165.97383684485092,2065.6,200.0,"(100, 300)",True,True,3
E4031JKCO6,0,17.8534,169.18401684710165,2070.9,211.79999999999998,"(100, 300)",True,True,3
E4031JKCO6,0,19.9268,166.451541842632,2073.4,195.3,"(100, 300)",True,True,3
E4031JKCO6,0,21.9954,170.76106594462232,2068.6,190.1,"(100, 300)",True,True,3
E4031JKCO6,0,24.0589,169.11149758804578,2063.5,225.89999999999998,"(100, 300)",True,True,3
E4031JKCO6,0,26.1327,174.13548013669424,2073.7999999999997,204.2,"(100, 300)",True,True,3
E4031JKCO6,0,28.2044,180.50682223520673,2071.7,208.1,"(100, 300)",True,True,3
E4031JKCO6,0,30.2761,172.74186689638327,2071.7,203.8,"(100, 300)",True,True,3
E4031JKCO6,0,32.3496,181.44734774684977,2073.5,224.39999999999998,"(100, 300)",True,True,3
E4031JKCO6,0,34.4174,177.5571510647193,2067.8,196.39999999999998,"(100, 300)",True,True,3
E4031JKCO6,0,36.4718,180.7313415173818,2054.3999999999996,221.4,"(100, 300)",True,True,3
E4031JKCO6,0,38.5332,170.6601869539483,2061.4,202.5,"(100, 300)",True,True,3
E4031JKCO6,0,40.6029,172.9594645005801,2069.7000000000003,194.5,"(100, 300)",True,True,3
E4031JKCO6,0,42.6818,172.2199640921209,2078.9,189.5,"(100, 300)",True,True,3
E4031JKCO6,0,44.7432,185.23441561311694,2061.4,209.9,"(100, 300)",True,True,3
E4031JKCO6,0,46.79,185.292886983831,2046.8000000000002,208.9,"(100, 300)",True,True,3
E4031JKCO6,0,48.8297,184.87868627822564,2039.6999999999998,203.5,"(100, 300)",True,True,3
E4031JKCO6,0,50.8697,195.1082283313875,2040.0,189.5,"(100, 300)",True,True,3
E4031JKCO6,0,52.9034,204.10278181502196,2033.7,201.4,"(100, 300)",True,True,3
E4031JKCO6,0,54.9374,183.42261500704777,2033.9999999999998,184.4,"(100, 300)",True,True,3
E4031JKCO6,0,56.9752,190.8061853459124,2037.7999999999997,210.10000000000002,"(100, 300)",True,True,3
E4031JKCO6,0,59.0134,191.51950573113524,2038.1999999999998,195.39999999999998,"(100, 300)",True,True,3
E4031JKCO6,1,1.3185,272.70899350302864,,216.70000000000002,"(150, 450)",True,True,4
E4031JKCO6,1,3.3737,272.45837086379714,2055.2000000000003,219.70000000000002,"(150, 450)",True,True,4
E4031JKCO6,1,5.4372,278.36217775660907,2063.5,229.9,"(150, 450)",True,True,4
E4031JKCO6,1,7.5083,268.05756630137824,2071.1,236.2,"(150, 450)",True,True,4
E4031JKCO6,1,9.5756,260.9977152547463,2067.2999999999997,221.6,"(150, 450)",True,True,4
E4031JKCO6,1,11.6447,270.1896907466838,2069.1000000000004,236.8,"(150, 450)",True,True,4
E4031JKCO6,1,13.7169,266.9595022804488,2072.2,221.6,"(150, 450)",True,True,4
E4031JKCO6,1,15.7824,270.3510181851766,2065.5,225.0,"(150, 450)",True,True,4
E4031JKCO6,1,17.8532,282.8893182551792,2070.8,215.60000000000002,"(150, 450)",True,True,4
E4031JKCO6,1,19.9268,274.35228382520813,2073.6,224.8,"(150, 450)",True,True,4
E4031JKCO6,1,21.9954,273.3286697867541,2068.6,224.8,"(150, 450)",True,True,4
E4031JKCO6,1,24.0587,280.239359012852,2063.2999999999997,223.3,"(150, 450)",True,True,4
E4031JKCO6,1,26.1322,283.02800740865484,2073.5,223.39999999999998,"(150, 450)",True,True,4
E4031JKCO6,1,28.2043,279.10946962577145,2072.1,233.5,"(150, 450)",True,True,4
E4031JKCO6,1,30.2758,278.04300174968347,2071.5,236.9,"(150, 450)",True,True,4
E4031JKCO6,1,32.3494,289.95666598581926,2073.6,222.6,"(150, 450)",True,True,4
E4031JKCO6,1,34.4172,279.56518300273706,2067.8,225.6,"(150, 450)",True,True,4
E4031JKCO6,1,36.4716,292.6083091198977,2054.3999999999996,223.3,"(150, 450)",True,True,4
E4031JKCO6,1,38.5334,288.362043503308,2061.7999999999997,219.79999999999998,"(150, 450)",True,True,4
E4031JKCO6,1,40.6025,293.37311315432567,2069.1000000000004,235.0,"(150, 450)",True,True,4
E4031JKCO6,1,42.6816,286.79023920761125,2079.1,245.0,"(150, 450)",True,True,4
E4031JKCO6,1,44.7432,300.34606442784326,2061.6,224.39999999999998,"(150, 450)",True,True,4
E4031JKCO6,1,46.7898,302.0097538109469,2046.6000000000001,236.0,"(150, 450)",True,True,4
E4031JKCO6,1,48.8296,304.0615604472791,2039.8,230.7,"(150, 450)",True,True,4
E4031JKCO6,1,50.8697,315.57656998718375,2040.1,217.1,"(150, 450)",True,True,4
E4031JKCO6,1,52.9032,326.51201785965196,2033.5,215.10000000000002,"(150, 450)",True,True,4
E4031JKCO6,1,54.9373,304.74125762616654,2034.1,244.10000000000002,"(150, 450)",True,True,4
E4031JKCO6,1,56.9752,322.5021438742924,2037.9,214.9,"(150, 450)",True,True,4
E4031JKCO6,1,59.0132,312.3176418010902,2037.9999999999998,224.3,"(150, 450)",True,True,4
E4031JKCO6,2,1.3239,686.0401256837442,,210.0,"(150, 250)",True,True,4
E4031JKCO6,2,3.3791,702.3377091027351,2055.2000000000003,213.5,"(150, 250)",True,True,4
E4031JKCO6,2,5.4426,706.4825761309811,2063.5,218.6,"(150, 250)",True,True,4
E4031JKCO6,2,7.5136,690.3983142202425,2071.0,215.9,"(150, 250)",True,True,4
E4031JKCO6,2,9.5799,666.540985147212,2066.3,216.20000000000002,"(150, 250)",True,True,4
E4031JKCO6,2,11.6502,691.2333929609249,2070.3,212.29999999999998,"(150, 250)",True,True,4
E4031JKCO6,2,13.7224,673.2061148478105,2072.2,210.10000000000002,"(150, 250)",True,True,4
E4031JKCO6,2,15.7877,687.8253401219547,2065.3,212.5,"(150, 250)",True,True,4
E4031JKCO6,2,17.8586,708.6476482200671,2070.9,206.3,"(150, 250)",True,True,4
E4031JKCO6,2,19.9321,694.1092640490949,2073.5,211.5,"(150, 250)",True,True,4
E4031JKCO6,2,22.0009,699.6420903090973,2068.8,206.9,"(150, 250)",True,True,4
E4031JKCO6,2,24.0642,720.000319911501,2063.2999999999997,207.7,"(150, 250)",True,True,4
E4031JKCO6,2,26.1376,731.1353132070817,2073.4,219.79999999999998,"(150, 250)",True,True,4
E4031JKCO6,2,28.2096,722.3365408657186,2072.0,202.8,"(150, 250)",True,True,4
E4031JKCO6,2,30.2811,699.3997707346379,2071.5,210.0,"(150, 250)",True,True,4
E4031JKCO6,2,32.3547,733.2772278685279,2073.6,208.0,"(150, 250)",True,True,4
E4031JKCO6,2,34.4226,717.7508587842916,2067.8999999999996,220.20000000000002,"(150, 250)",True,True,4
E4031JKCO6,2,36.477,724.7465187351665,2054.3999999999996,218.79999999999998,"(150, 250)",True,True,4
E4031JKCO6,2,38.5386,724.2923654535213,2061.6,209.60000000000002,"(150, 250)",True,True,4
E4031JKCO6,2,40.6079,726.2639552076188,2069.3,205.0,"(150, 250)",True,True,4
E4031JKCO6,2,42.687,724.43715419558,2079.1,214.60000000000002,"(150, 250)",True,True,4
E4031JKCO6,2,44.7483,736.3308103877935,2061.3,206.0,"(150, 250)",True,True,4
E4031JKCO6,2,46.7949,735.5437952793634,2046.6000000000001,207.8,"(150, 250)",True,True,4
E4031JKCO6,2,48.8345,740.7278496315434,2039.6000000000001,204.4,"(150, 250)",True,True,4
E4031JKCO6,2,50.8745,739.1206602847736,2040.0,211.0,"(150, 250)",True,True,4
E4031JKCO6,2,52.9037,740.2202952968008,2029.1999999999998,212.5,"(150, 250)",True,True,4
E4031JKCO6,2,54.9422,736.3442051696728,2038.5,213.60000000000002,"(150, 250)",True,True,4
E4031JKCO6,2,56.9799,737.6480845413573,2037.7,211.10000000000002,"(150, 250)",True,True,4
E4031JKCO6,2,59.0181,741.9631778185978,2038.1999999999998,202.7,"(150, 250)",True,True,4
E4031JKCO6,3,1.3244,438.81152514400344,,203.6,"(150, 250)",True,True,3
E4031JKCO6,3,3.3795,470.8428777636162,2055.1,214.29999999999998,"(150, 250)",True,True,3
E4031JKCO6,3,5.4431,453.9798004299618,2063.6,230.0,"(150, 250)",True,True,3
E4031JKCO6,3,7.5141,442.88726764106156,2071.0,207.1,"(150, 250)",True,True,3
E4031JKCO6,3,9.5815,411.442181018053,2067.4,206.5,"(150, 250)",True,True,3
E4031JKCO6,3,11.6506,441.69391676511987,2069.1000000000004,228.3,"(150, 250)",True,True,3
E4031JKCO6,3,13.7229,427.2045406525092,2072.2999999999997,213.4,"(150, 250)",True,True,3
E4031JKCO6,3,15.7882,450.9262507317601,2065.3,202.7,"(150, 250)",True,True,3
E4031JKCO6,3,17.8591,471.70466467515325,2070.9,209.4,"(150, 250)",True,True,3
E4031JKCO6,3,19.9326,461.0499752287547,2073.5,186.29999999999998,"(150, 250)",True,True,3
E4031JKCO6,3,22.0013,467.96731908835227,2068.7000000000003,210.7,"(150, 250)",True,True,3
E4031JKCO6,3,24.0647,504.6903138879012,2063.4,215.2,"(150, 250)",True,True,3
E4031JKCO6,3,26.138,520.7528198828372,2073.3,217.1,"(150, 250)",True,True,3
E4031JKCO6,3,28.2101,487.7636370117482,2072.1,212.60000000000002,"(150, 250)",True,True,3
E4031JKCO6,3,30.2817,470.29523269265843,2071.6,228.0,"(150, 250)",True,True,3
E4031JKCO6,3,32.3552,525.561928141352,2073.5,222.89999999999998,"(150, 250)",True,True,3
E4031JKCO6,3,34.4231,493.99249895331104,2067.8999999999996,205.0,"(150, 250)",True,True,3
E4031JKCO6,3,36.4774,509.8401673320581,2054.3,218.20000000000002,"(150, 250)",True,True,3
E4031JKCO6,3,38.5391,512.4565970570459,2061.7000000000003,210.2,"(150, 250)",True,True,3
E4031JKCO6,3,40.6084,502.0437713083806,2069.3,213.60000000000002,"(150, 250)",True,True,3
E4031JKCO6,3,42.6875,516.8482765356114,2079.1,218.9,"(150, 250)",True,True,3
E4031JKCO6,3,44.7488,544.0119054163833,2061.3,205.2,"(150, 250)",True,True,3
E4031JKCO6,3,46.7954,540.6028790970017,2046.6000000000001,222.1,"(150, 250)",True,True,3
E4031JKCO6,3,48.8351,545.9635898790812,2039.6999999999998,204.0,"(150, 250)",True,True,3
E4031JKCO6,3,50.8751,535.2945669148221,2040.0,212.79999999999998,"(150, 250)",True,True,3
E4031JKCO6,3,52.9085,533.5407283504358,2033.3999999999999,229.8,"(150, 250)",True,True,3
E4031JKCO6,3,54.9428,545.7502156182604,2034.3,214.60000000000002,"(150, 250)",True,True,3
E4031JKCO6,3,56.9805,541.9393383798335,2037.7,210.4,"(150, 250)",True,True,3
E4031JKCO6,3,59.0186,555.5282233810683,2038.1,213.4,"(150, 250)",True,True,3
E4031JKCO6,4,1.3227,320.9794340817688,,222.1,"(150, 250)",True,True,4
E4031JKCO6,4,3.3804,316.03492195393625,2057.7000000000003,213.7,"(150, 250)",True,True,4
E4031JKCO6,4,5.4441,323.01273952000344,2063.7,208.1,"(150, 250)",True,True,4
E4031JKCO6,4,7.5125,324.3017870668845,2068.4,209.3,"(150, 250)",True,True,4
E4031JKCO6,4,9.5803,337.6155702668088,2067.8,235.2,"(150, 250)",True,True,4
E4031JKCO6,4,11.6491,330.9980707721786,2068.8,218.4,"(150, 250)",True,True,4
E4031JKCO6,4,13.7214,329.6890833669063,2072.2999999999997,210.5,"(150, 250)",True,True,4
E4031JKCO6,4,15.7865,311.2090841895352,2065.1000000000004,196.0,"(150, 250)",True,True,4
E4031JKCO6,4,17.8599,319.56416926978335,2073.4,215.9,"(150, 250)",True,True,4
E4031JKCO6,4,19.9334,317.0409244112101,2073.5,201.9,"(150, 250)",True,True,4
E4031JKCO6,4,22.0021,323.8445847626352,2068.7000000000003,220.20000000000002,"(150, 250)",True,True,4
E4031JKCO6,4,24.0653,333.39588656699976,2063.2000000000003,207.2,"(150, 250)",True,True,4
E4031JKCO6,4,26.1384,353.4253550473093,2073.1000000000004,219.70000000000002,"(150, 250)",True,True,4
E4031JKCO6,4,28.2106,345.58675124971325,2072.2,220.70000000000002,"(150, 250)",True,True,4
E4031JKCO6,4,30.2825,317.9051456078899,2071.8999999999996,211.10000000000002,"(150, 250)",True,True,4
E4031JKCO6,4,32.3554,354.98956670542435,2072.9,213.9,"(150, 250)",True,True,4
E4031JKCO6,4,34.4236,336.38273130061947,2068.2,221.6,"(150, 250)",True,True,4
E4031JKCO6,4,36.4779,347.7676407613864,2054.3,213.4,"(150, 250)",True,True,4
E4031JKCO6,4,38.5395,341.11339515945497,2061.6,215.4,"(150, 250)",True,True,4
E4031JKCO6,4,40.6088,344.17620960697667,2069.3,209.3,"(150, 250)",True,True,4
E4031JKCO6,4,42.6879,357.3142797692637,2079.1,175.1,"(150, 250)",True,True,4
E4031JKCO6,4,44.749,364.96478485034083,2061.1000000000004,215.79999999999998,"(150, 250)",True,True,4
E4031JKCO6,4,46.7956,355.7306983582074,2046.6000000000001,207.2,"(150, 250)",True,True,4
E4031JKCO6,4,48.8352,355.3270102958199,2039.6000000000001,201.3,"(150, 250)",True,True,4
E4031JKCO6,4,50.8749,340.63214097537616,2039.6999999999998,229.8,"(150, 250)",True,True,4
E4031JKCO6,4,52.9082,335.7310222575335,2033.3000000000002,218.70000000000002,"(150, 250)",True,True,4
E4031JKCO6,4,54.9428,360.22848473090045,2034.6000000000001,183.0,"(150, 250)",True,True,4
E4031JKCO6,4,56.9805,369.6118154184089,2037.7,208.9,"(150, 250)",True,True,4
E4031JKCO6,4,59.0186,357.4642012607477,2038.1,204.8,"(150, 250)",True,True,4
E4031JKCO6,24,1.3157,115.59377920726784,,213.29999999999998,"(70, 250)",False,True,4
E4031JKCO6,24,3.3697,135.5063718128946,2054.0,202.5,"(70, 250)",False,True,4
E4031JKCO6,24,5.434,120.74550430754067,2064.2999999999997,207.3,"(70, 250)",False,True,4
E4031JKCO6,24,7.5055,121.07427227813787,2071.5,219.20000000000002,"(70, 250)",False,True,4
E4031JKCO6,24,9.5743,136.18817718642504,2068.8,226.39999999999998,"(70, 250)",False,True,4
E4031JKCO6,24,11.6419,138.23351690639825,2067.6,222.5,"(70, 250)",False,True,4
E4031JKCO6,24,13.7151,131.45180094965585,2073.2,226.3,"(70, 250)",False,True,4
E4031JKCO6,24,15.7794,126.92437618798793,2064.2999999999997,224.6,"(70, 250)",False,True,4
E4031JKCO6,24,17.8498,126.06376092394325,2070.3999999999996,219.79999999999998,"(70, 250)",False,True,4
E4031JKCO6,24,19.9238,117.87993610222213,2074.0,224.20000000000002,"(70, 250)",False,True,4
E4031JKCO6,24,21.9921,115.21565545954772,2068.2999999999997,224.20000000000002,"(70, 250)",False,True,4
E4031JKCO6,24,24.0645,130.21206358997244,2072.4,203.2,"(70, 250)",False,True,4
E4031JKCO6,24,26.1378,142.08573572111584,2073.3,214.9,"(70, 250)",False,True,4
E4031JKCO6,24,28.2098,136.11930804626869,2072.0,210.5,"(70, 250)",False,True,4
E4031JKCO6,24,30.2731,115.05452212135933,2063.2999999999997,214.10000000000002,"(70, 250)",False,True,4
E4031JKCO6,24,32.3549,135.2735809824489,2081.7999999999997,213.5,"(70, 250)",False,True,4
E4031JKCO6,24,34.4227,130.11495638127036,2067.8,203.3,"(70, 250)",False,True,4
E4031JKCO6,24,36.4675,120.51923405800643,2044.8,212.2,"(70, 250)",False,True,4
E4031JKCO6,24,38.5389,138.4060654787628,2071.4,219.5,"(70, 250)",False,True,4
E4031JKCO6,24,40.5983,139.08503057617455,2059.4,227.8,"(70, 250)",False,True,4
E4031JKCO6,24,42.6873,138.62096664093198,2089.0,215.29999999999998,"(70, 250)",False,True,4
E4031JKCO6,24,44.7486,139.3785838875688,2061.3,212.2,"(70, 250)",False,True,4
E4031JKCO6,24,46.7949,141.0674656034679,2046.3,201.1,"(70, 250)",False,True,4
E4031JKCO6,24,48.8345,138.97008825023232,2039.6000000000001,202.7,"(70, 250)",False,True,4
E4031JKCO6,24,50.8746,155.38914269618147,2040.1,217.6,"(70, 250)",False,True,4
E4031JKCO6,24,52.9079,155.53969110610782,2033.3000000000002,200.4,"(70, 250)",False,True,4
E4031JKCO6,24,54.9424,155.84502362335735,2034.5,216.9,"(70, 250)",False,True,4
E4031JKCO6,24,56.98,150.03718319650517,2037.6,207.0,"(70, 250)",False,True,4
E4031JKCO6,24,59.0183,143.93213430180657,2038.3,218.70000000000002,"(70, 250)",False,True,4
E4031JKCO6,25,1.3168,472.88347490740944,,339.4,"(250, 450)",False,True,3
E4031JKCO6,25,3.3719,465.1510640358509,2055.1,275.2,"(250, 450)",False,True,3
E4031JKCO6,25,5.4355,471.2989241399591,2063.6,298.0,"(250, 450)",False,True,3
E4031JKCO6,25,7.5065,476.99173731267445,2071.0,310.2,"(250, 450)",False,True,3
E4031JKCO6,25,9.5738,472.601934611278,2067.2999999999997,305.0,"(250, 450)",False,True,3
E4031JKCO6,25,11.643,467.0715150911566,2069.2,300.8,"(250, 450)",False,True,3
E4031JKCO6,25,13.7152,465.7960654322155,2072.2,280.3,"(250, 450)",False,True,3
E4031JKCO6,25,15.7806,466.1235129962198,2065.4,250.6,"(250, 450)",False,True,3
E4031JKCO6,25,17.8514,476.301121899136,2070.8,265.2,"(250, 450)",False,True,3
E4031JKCO6,25,19.9249,471.49170888714633,2073.5,290.3,"(250, 450)",False,True,3
E4031JKCO6,25,21.9937,468.54782714334635,2068.8,299.0,"(250, 450)",False,True,3
E4031JKCO6,25,24.0571,471.6307823087687,2063.4,252.5,"(250, 450)",False,True,3
E4031JKCO6,25,26.1305,461.959870604706,2073.4,288.6,"(250, 450)",False,True,3
E4031JKCO6,25,28.2024,475.54841108902673,2071.8999999999996,267.5,"(250, 450)",False,True,3
E4031JKCO6,25,30.2741,467.8340281513654,2071.7,261.40000000000003,"(250, 450)",False,True,3
E4031JKCO6,25,32.3477,457.3855605994251,2073.6,278.6,"(250, 450)",False,True,3
E4031JKCO6,25,34.4155,472.891962471446,2067.8,262.5,"(250, 450)",False,True,3
E4031JKCO6,25,36.4698,466.48736246618205,2054.3,254.5,"(250, 450)",False,True,3
E4031JKCO6,25,38.5315,476.08462217691715,2061.7000000000003,278.9,"(250, 450)",False,True,3
E4031JKCO6,25,40.6007,457.09563599453065,2069.2,293.8,"(250, 450)",False,True,3
E4031JKCO6,25,42.6799,459.7753239384209,2079.2000000000003,305.9,"(250, 450)",False,True,3
E4031JKCO6,25,44.7413,458.24602673977523,2061.4,289.2,"(250, 450)",False,True,3
E4031JKCO6,25,46.788,457.2862625347191,2046.7,260.7,"(250, 450)",False,True,3
E4031JKCO6,25,48.8276,444.45105819165434,2039.6000000000001,295.20000000000005,"(250, 450)",False,True,3
E4031JKCO6,25,50.8679,444.7385625486361,2040.2999999999997,301.8,"(250, 450)",False,True,3
E4031JKCO6,25,52.9013,438.2194218880787,2033.3999999999999,267.5,"(250, 450)",False,True,3
E4031JKCO6,25,54.9354,438.89620493852544,2034.1,283.5,"(250, 450)",False,True,3
E4031JKCO6,25,56.9731,449.8361862337751,2037.7,272.3,"(250, 450)",False,True,3
E4031JKCO6,25,59.0113,439.0044617517561,2038.1999999999998,292.1,"(250, 450)",False,True,3
E4031JKCO6,26,1.3167,1053.0090018047806,,407.5,"(250, 450)",False,True,4
E4031JKCO6,26,3.3718,1059.9393320415372,2055.1,317.5,"(250, 450)",False,True,4
E4031JKCO6,26,5.4354,1062.5185447317533,2063.6,441.40000000000003,"(250, 450)",False,True,4
E4031JKCO6,26,7.5064,1071.4692747543022,2071.0,318.90000000000003,"(250, 450)",False,True,4
E4031JKCO6,26,9.5737,1055.615747206293,2067.2999999999997,311.09999999999997,"(250, 450)",False,True,4
E4031JKCO6,26,11.6429,1048.4765694718933,2069.2,334.7,"(250, 450)",False,True,4
E4031JKCO6,26,13.7151,1054.0690036118422,2072.2,330.79999999999995,"(250, 450)",False,True,4
E4031JKCO6,26,15.7805,1056.7378288512668,2065.4,301.09999999999997,"(250, 450)",False,True,4
E4031JKCO6,26,17.8513,1058.7398104138517,2070.8,413.6,"(250, 450)",False,True,4
E4031JKCO6,26,19.9248,1051.1442513418156,2073.5,414.8,"(250, 450)",False,True,4
E4031JKCO6,26,21.9936,1041.3269468092176,2068.8,389.2,"(250, 450)",False,True,4
E4031JKCO6,26,24.057,1056.0162397948475,2063.4,433.3,"(250, 450)",False,True,4
E4031JKCO6,26,26.1304,1055.533464601065,2073.4,354.7,"(250, 450)",False,True,4
E4031JKCO6,26,28.2024,1059.3937663042295,2072.0,369.0,"(250, 450)",False,True,4
E4031JKCO6,26,30.274,1054.324045050084,2071.6,420.59999999999997,"(250, 450)",False,True,4
E4031JKCO6,26,32.3476,1052.7431272011418,2073.6,342.5,"(250, 450)",False,True,4
E4031JKCO6,26,34.4154,1042.8763913347655,2067.8,425.70000000000005,"(250, 450)",False,True,4
E4031JKCO6,26,36.4697,1044.8422288958968,2054.3,336.2,"(250, 450)",False,True,4
E4031JKCO6,26,38.5314,1043.0825417382805,2061.7000000000003,420.0,"(250, 450)",False,True,4
E4031JKCO6,26,40.6007,1046.921102779498,2069.3,385.2,"(250, 450)",False,True,4
E4031JKCO6,26,42.6798,1045.6984603124188,2079.1,357.20000000000005,"(250, 450)",False,True,4
E4031JKCO6,26,44.7413,1045.9287915162538,2061.5,328.90000000000003,"(250, 450)",False,True,4
E4031JKCO6,26,46.7879,1056.2462092713897,2046.6000000000001,428.4,"(250, 450)",False,True,4
E4031JKCO6,26,48.8275,1054.776652826404,2039.6000000000001,388.5,"(250, 450)",False,True,4
E4031JKCO6,26,50.8677,1054.4047999513223,2040.2,385.2,"(250, 450)",False,True,4
E4031JKCO6,26,52.9012,1052.191752466787,2033.5,350.3,"(250, 450)",False,True,4
E4031JKCO6,26,54.9353,1064.7175719660388,2034.1,319.6,"(250, 450)",False,True,4
E4031JKCO6,26,56.973,1067.1462900463391,2037.7,364.0,"(250, 450)",False,True,4
E4031JKCO6,26,59.0112,1060.645712855586,2038.1999999999998,412.1,"(250, 450)",False,True,4
E4031JKCO6,27,1.3245,173.88792781037574,,231.7,"(150, 300)",False,True,4
E4031JKCO6,27,3.3793,167.49550292608427,2054.8,201.5,"(150, 300)",False,True,4
E4031JKCO6,27,5.4428,165.65412524943932,2063.5,205.5,"(150, 300)",False,True,4
E4031JKCO6,27,7.5138,171.88275752503438,2071.0,218.5,"(150, 300)",False,True,4
E4031JKCO6,27,9.5815,163.96026866264083,2067.7,215.4,"(150, 300)",False,True,4
E4031JKCO6,27,11.6508,172.44157550762867,2069.3,227.0,"(150, 300)",False,True,4
E4031JKCO6,27,13.7225,173.27143025046124,2071.7,225.20000000000002,"(150, 300)",False,True,4
E4031JKCO6,27,15.7882,167.53446301161526,2065.7000000000003,215.2,"(150, 300)",False,True,4
E4031JKCO6,27,17.8587,173.37738429412997,2070.5,257.90000000000003,"(150, 300)",False,True,4
E4031JKCO6,27,19.9323,176.4508819749799,2073.6,215.9,"(150, 300)",False,True,4
E4031JKCO6,27,22.0009,176.251686894358,2068.6,233.7,"(150, 300)",False,True,4
E4031JKCO6,27,24.0644,174.82133915846904,2063.5,221.1,"(150, 300)",False,True,4
E4031JKCO6,27,26.1376,171.42933059772372,2073.2,222.3,"(150, 300)",False,True,4
E4031JKCO6,27,28.2098,173.75709437874235,2072.2,215.9,"(150, 300)",False,True,4
E4031JKCO6,27,30.2817,168.8748846861719,2071.8999999999996,206.1,"(150, 300)",False,True,4
E4031JKCO6,27,32.3547,161.71254651797489,2073.0,214.10000000000002,"(150, 300)",False,True,4
E4031JKCO6,27,34.4226,167.01093283491696,2067.8999999999996,224.6,"(150, 300)",False,True,4
E4031JKCO6,27,36.4767,161.70780773955295,2054.1,212.5,"(150, 300)",False,True,4
E4031JKCO6,27,38.5389,181.52628448168645,2062.2,226.5,"(150, 300)",False,True,4
E4031JKCO6,27,40.6078,173.6834941738848,2068.9,237.3,"(150, 300)",False,True,4
E4031JKCO6,27,42.6871,171.0871028446985,2079.2999999999997,232.1,"(150, 300)",False,True,4
E4031JKCO6,27,44.7484,161.86304645293802,2061.3,231.2,"(150, 300)",False,True,4
E4031JKCO6,27,46.7947,180.02653345308372,2046.3,217.6,"(150, 300)",False,True,4
E4031JKCO6,27,48.8343,163.40075339548636,2039.6000000000001,231.2,"(150, 300)",False,True,4
E4031JKCO6,27,50.8743,163.84084945933427,2040.0,227.5,"(150, 300)",False,True,4
E4031JKCO6,27,52.9079,159.13417130984703,2033.6,227.0,"(150, 300)",False,True,4
E4031JKCO6,27,54.942,174.4130151833046,2034.1,225.8,"(150, 300)",False,True,4
E4031JKCO6,27,56.98,164.5672092058175,2037.9999999999998,223.8,"(150, 300)",False,True,4
E4031JKCO6,27,59.0181,173.82906700972123,2038.1,226.1,"(150, 300)",False,True,4
E4031JKCO6,28,1.3266,149.64792787412176,,203.2,"(100, 400)",False,True,3
E4031JKCO6,28,3.3795,148.55612862069032,2052.9,183.9,"(100, 400)",False,True,3
E4031JKCO6,28,5.4631,172.34974306223447,2083.6,168.9,"(100, 400)",False,True,3
E4031JKCO6,28,8.256,111.6498751767914,2792.9,377.3,"(100, 400)",False,True,3
E4031JKCO6,28,9.5906,168.00683678876615,1334.6,187.5,"(100, 400)",False,True,3
E4031JKCO6,28,11.6507,171.77102916218809,2060.1,202.4,"(100, 400)",False,True,3
E4031JKCO6,28,13.7425,167.15333810371038,2091.8,184.4,"(100, 400)",False,True,3
E4031JKCO6,28,15.7934,159.54323379897673,2050.9,203.8,"(100, 400)",False,True,3
E4031JKCO6,28,17.894,173.40041821806668,2100.6,144.9,"(100, 400)",False,True,3
E4031JKCO6,28,19.9386,168.53527362113914,2044.6,206.8,"(100, 400)",False,True,3
E4031JKCO6,28,22.0031,183.5304895480079,2064.5,148.10000000000002,"(100, 400)",False,True,3
E4031JKCO6,28,24.0644,166.05043953608197,2061.3,211.79999999999998,"(100, 400)",False,True,3
E4031JKCO6,28,26.1382,171.3482095366134,2073.7999999999997,208.0,"(100, 400)",False,True,3
E4031JKCO6,28,28.2154,158.28389772736097,2077.2,199.4,"(100, 400)",False,True,3
E4031JKCO6,28,30.2819,157.92803849023173,2066.5,193.0,"(100, 400)",False,True,3
E4031JKCO6,28,32.3596,148.1924215178661,2077.7000000000003,186.5,"(100, 400)",False,True,3
E4031JKCO6,28,34.4374,147.6102117461383,2077.7999999999997,157.70000000000002,"(100, 400)",False,True,3
E4031JKCO6,28,36.4795,167.5348903476483,2042.1000000000001,201.7,"(100, 400)",False,True,3
E4031JKCO6,28,38.5391,164.97059820073417,2059.6,203.5,"(100, 400)",False,True,3
E4031JKCO6,28,40.6072,167.21439810826294,2068.1,211.60000000000002,"(100, 400)",False,True,3
E4031JKCO6,28,42.6904,175.47640257205546,2083.2000000000003,209.3,"(100, 400)",False,True,3
E4031JKCO6,28,44.7519,155.86787798675817,2061.5,185.4,"(100, 400)",False,True,3
E4031JKCO6,28,46.795,142.85128275371827,2043.1,182.0,"(100, 400)",False,True,3
E4031JKCO6,28,48.8463,171.1938070158818,2051.2999999999997,156.5,"(100, 400)",False,True,3
E4031JKCO6,28,50.897,157.33593626951918,2050.7,176.3,"(100, 400)",False,True,3
E4031JKCO6,28,52.9312,138.9621400969342,2034.1999999999998,202.3,"(100, 400)",False,True,3
E4031JKCO6,28,54.9494,159.09049824354463,2018.2000000000003,184.5,"(100, 400)",False,True,3
E4031JKCO6,28,56.9847,133.69896448192932,2035.3,203.2,"(100, 400)",False,True,3
E4031JKCO6,28,59.0253,162.65763402610892,2040.6,201.4,"(100, 400)",False,True,3
E4031JKCO6,29,1.3223,290.40341214070344,,334.2,"(200, 500)",False,True,4
E4031JKCO6,29,3.3775,285.0210927042431,2055.2000000000003,336.3,"(200, 500)",False,True,4
E4031JKCO6,29,5.4411,296.07290794272495,2063.6,285.1,"(200, 500)",False,True,4
E4031JKCO6,29,7.5121,289.3683530762126,2071.0,305.20000000000005,"(200, 500)",False,True,4
E4031JKCO6,29,9.5795,265.99996237712975,2067.4,299.3,"(200, 500)",False,True,4
E4031JKCO6,29,11.6485,287.1004363492572,2069.0,286.9,"(200, 500)",False,True,4
E4031JKCO6,29,13.7208,293.60385834070354,2072.2999999999997,310.8,"(200, 500)",False,True,4
E4031JKCO6,29,15.7862,276.91809963180117,2065.4,303.59999999999997,"(200, 500)",False,True,4
E4031JKCO6,29,17.857,296.0961685359026,2070.8,259.90000000000003,"(200, 500)",False,True,4
E4031JKCO6,29,19.9305,303.3816120958739,2073.5,320.1,"(200, 500)",False,True,4
E4031JKCO6,29,21.9992,289.8623976510631,2068.7000000000003,301.8,"(200, 500)",False,True,4
E4031JKCO6,29,24.0628,293.3687704554369,2063.6,270.2,"(200, 500)",False,True,4
E4031JKCO6,29,26.1363,301.02319298968473,2073.5,372.8,"(200, 500)",False,True,4
E4031JKCO6,29,28.2082,305.6244348472923,2071.8999999999996,378.2,"(200, 500)",False,True,4
E4031JKCO6,29,30.2796,288.5970500396954,2071.4,290.5,"(200, 500)",False,True,4
E4031JKCO6,29,32.3534,326.92403374019693,2073.7999999999997,284.6,"(200, 500)",False,True,4
E4031JKCO6,29,34.4213,291.1844029875766,2067.8999999999996,224.39999999999998,"(200, 500)",False,True,4
E4031JKCO6,29,36.4755,293.09102218266304,2054.2,254.30000000000004,"(200, 500)",False,True,4
E4031JKCO6,29,38.5373,301.8692940563109,2061.7999999999997,242.29999999999998,"(200, 500)",False,True,4
E4031JKCO6,29,40.6066,304.42063450226715,2069.3,469.2,"(200, 500)",False,True,4
E4031JKCO6,29,42.6857,292.2179327909619,2079.1,290.4,"(200, 500)",False,True,4
E4031JKCO6,29,44.7471,311.73938141744753,2061.4,281.6,"(200, 500)",False,True,4
E4031JKCO6,29,46.7938,338.1180884542558,2046.7,421.5,"(200, 500)",False,True,4
E4031JKCO6,29,48.8335,321.1202658757334,2039.6999999999998,282.6,"(200, 500)",False,True,4
E4031JKCO6,29,50.8737,342.60926152652036,2040.2,310.0,"(200, 500)",False,True,4
E4031JKCO6,29,52.9075,334.8236978197175,2033.7999999999997,351.1,"(200, 500)",False,True,4
E4031JKCO6,29,54.9413,330.4455042682169,2033.7999999999997,227.20000000000002,"(200, 500)",False,True,4
E4031JKCO6,29,56.979,358.212878069372,2037.7,266.1,"(200, 500)",False,True,4
E4031JKCO6,29,59.0172,333.58066221965385,2038.1999999999998,407.3,"(200, 500)",False,True,4
E4031JKCO6,30,1.3222,536.6593922392854,,197.5,"(150, 250)",True,True,3
E4031JKCO6,30,3.3774,541.509288419254,2055.2000000000003,192.70000000000002,"(150, 250)",True,True,3
E4031JKCO6,30,5.4409,552.485510497216,2063.5,196.3,"(150, 250)",True,True,3
E4031JKCO6,30,7.5119,539.4096012378976,2071.0,193.39999999999998,"(150, 250)",True,True,3
E4031JKCO6,30,9.5794,520.6013454082137,2067.5,193.6,"(150, 250)",True,True,3
E4031JKCO6,30,11.6484,543.9303123847401,2069.0,191.6,"(150, 250)",True,True,3
E4031JKCO6,30,13.7207,541.2004861328585,2072.2999999999997,203.3,"(150, 250)",True,True,3
E4031JKCO6,30,15.7861,536.3740692776632,2065.4,206.4,"(150, 250)",True,True,3
E4031JKCO6,30,17.8569,548.8984961013194,2070.8,201.1,"(150, 250)",True,True,3
E4031JKCO6,30,19.9304,548.5049129457526,2073.5,195.5,"(150, 250)",True,True,3
E4031JKCO6,30,21.9992,547.6689252143993,2068.8,196.39999999999998,"(150, 250)",True,True,3
E4031JKCO6,30,24.0627,558.8946514934585,2063.5,201.7,"(150, 250)",True,True,3
E4031JKCO6,30,26.1361,570.5917708556073,2073.4,194.39999999999998,"(150, 250)",True,True,3
E4031JKCO6,30,28.208,557.5429124610818,2071.8999999999996,190.6,"(150, 250)",True,True,3
E4031JKCO6,30,30.2795,545.6261794281444,2071.5,204.5,"(150, 250)",True,True,3
E4031JKCO6,30,32.3534,599.3415206764632,2073.9,197.6,"(150, 250)",True,True,3
E4031JKCO6,30,34.4211,564.1105971754731,2067.7,197.9,"(150, 250)",True,True,3
E4031JKCO6,30,36.4754,559.4171428434967,2054.3,194.3,"(150, 250)",True,True,3
E4031JKCO6,30,38.5371,566.3229836796902,2061.7000000000003,202.2,"(150, 250)",True,True,3
E4031JKCO6,30,40.6065,572.573757381669,2069.4,198.2,"(150, 250)",True,True,3
E4031JKCO6,30,42.6856,571.6562906681975,2079.1,190.0,"(150, 250)",True,True,3
E4031JKCO6,30,44.747,606.2702672513986,2061.4,192.6,"(150, 250)",True,True,3
E4031JKCO6,30,46.7937,615.1237424147723,2046.7,199.3,"(150, 250)",True,True,3
E4031JKCO6,30,48.8334,628.9700106174762,2039.6999999999998,191.5,"(150, 250)",True,True,3
E4031JKCO6,30,50.8736,667.5844232493226,2040.2,189.29999999999998,"(150, 250)",True,True,3
E4031JKCO6,30,52.9071,685.0084468281586,2033.5,190.5,"(150, 250)",True,True,3
E4031JKCO6,30,54.9412,643.4031218879595,2034.1,189.9,"(150, 250)",True,True,3
E4031JKCO6,30,56.9789,653.3641341492665,2037.7,202.1,"(150, 250)",True,True,3
E4031JKCO6,30,59.0171,640.2920822444827,2038.1999999999998,181.5,"(150, 250)",True,True,3
E4031JKCO6,31,1.3163,169.9417240446304,,217.79999999999998,"(150, 500)",True,True,4
E4031JKCO6,31,3.3715,184.1152269466327,2055.2000000000003,214.2,"(150, 500)",True,True,4
E4031JKCO6,31,5.4351,176.11176667494647,2063.6,236.5,"(150, 500)",True,True,4
E4031JKCO6,31,7.506,183.7719309576031,2070.9,197.9,"(150, 500)",True,True,4
E4031JKCO6,31,9.5735,183.53735390358145,2067.5,199.2,"(150, 500)",True,True,4
E4031JKCO6,31,11.6426,174.38282789993963,2069.1000000000004,197.6,"(150, 500)",True,True,4
E4031JKCO6,31,13.7147,175.97873430944082,2072.1,208.9,"(150, 500)",True,True,4
E4031JKCO6,31,15.7802,180.52165084963397,2065.5,193.5,"(150, 500)",True,True,4
E4031JKCO6,31,17.8511,177.79356489136967,2070.9,236.8,"(150, 500)",True,True,4
E4031JKCO6,31,19.9245,162.08994588996111,2073.4,219.4,"(150, 500)",True,True,4
E4031JKCO6,31,21.9932,167.88784067448177,2068.7000000000003,184.29999999999998,"(150, 500)",True,True,4
E4031JKCO6,31,24.0568,177.79191373561815,2063.6,240.3,"(150, 500)",True,True,4
E4031JKCO6,31,26.1303,174.9404771630336,2073.5,184.10000000000002,"(150, 500)",True,True,4
E4031JKCO6,31,28.2022,176.31254008744324,2071.8999999999996,228.3,"(150, 500)",True,True,4
E4031JKCO6,31,30.2737,176.6690666400633,2071.5,210.9,"(150, 500)",True,True,4
E4031JKCO6,31,32.3474,175.62289874904013,2073.7000000000003,236.6,"(150, 500)",True,True,4
E4031JKCO6,31,34.4152,173.08715779085463,2067.8,220.79999999999998,"(150, 500)",True,True,4
E4031JKCO6,31,36.4695,168.48968654930957,2054.3,216.29999999999998,"(150, 500)",True,True,4
E4031JKCO6,31,38.5312,175.07632940242632,2061.7000000000003,222.20000000000002,"(150, 500)",True,True,4
E4031JKCO6,31,40.6005,182.46188943619143,2069.3,172.4,"(150, 500)",True,True,4
E4031JKCO6,31,42.6797,167.9803987429712,2079.2000000000003,195.39999999999998,"(150, 500)",True,True,4
E4031JKCO6,31,44.7412,176.2373169446317,2061.5,250.6,"(150, 500)",True,True,4
E4031JKCO6,31,46.7878,177.33073620769989,2046.6000000000001,222.6,"(150, 500)",True,True,4
E4031JKCO6,31,48.8276,179.73935248475755,2039.8,234.1,"(150, 500)",True,True,4
E4031JKCO6,31,50.8677,183.87092501810176,2040.1,176.8,"(150, 500)",True,True,4
E4031JKCO6,31,52.9013,184.08448742221682,2033.6,212.10000000000002,"(150, 500)",True,True,4
E4031JKCO6,31,54.9353,187.72063200108613,2033.9999999999998,195.70000000000002,"(150, 500)",True,True,4
E4031JKCO6,31,56.9731,178.49678083359328,2037.7999999999997,176.8,"(150, 500)",True,True,4
E4031JKCO6,31,59.0112,182.96487136466178,2038.1,203.6,"(150, 500)",True,True,4
